youtuber,ingredient,count
NikkieTutorials,spf,10
NikkieTutorials,hyaluronic acid,10
NikkieTutorials,squalane,4
NikkieTutorials,retinol,3
NikkieTutorials,vitamin c,3
NikkieTutorials,sunscreen,3
NikkieTutorials,zinc oxide,3
NikkieTutorials,salicylic acid,2
NikkieTutorials,centella asiatica,2
NikkieTutorials,ceramide,2
James Charles,hyaluronic acid,10
James Charles,spf,10
James Charles,squalane,4
James Charles,centella asiatica,3
James Charles,collagen,2
James Charles,salicylic acid,2
James Charles,niacinamide,2
James Charles,sunscreen,2
James Charles,zinc oxide,2
James Charles,retinol,2
Tati,spf,10
Tati,hyaluronic acid,10
Tati,zinc oxide,4
Tati,sunscreen,4
Tati,squalane,4
Tati,collagen,2
Tati,retinol,2
Tati,salicylic acid,2
Tati,glycolic acid,2
Tati,centella asiatica,2
Jackie Aina,hyaluronic acid,10
Jackie Aina,spf,10
Jackie Aina,salicylic acid,4
Jackie Aina,glycolic acid,3
Jackie Aina,retinol,3
Jackie Aina,sunscreen,3
Jackie Aina,zinc oxide,3
Jackie Aina,niacinamide,2
Jackie Aina,collagen,1
Jackie Aina,centella asiatica,1
Lisa Eldridge,hyaluronic acid,10
Lisa Eldridge,spf,10
Lisa Eldridge,retinol,5
Lisa Eldridge,squalane,4
Lisa Eldridge,vitamin c,3
Lisa Eldridge,salicylic acid,3
Lisa Eldridge,glycolic acid,3
Lisa Eldridge,collagen,2
Lisa Eldridge,niacinamide,1
PatrickStarrr,spf,10
PatrickStarrr,hyaluronic acid,10
PatrickStarrr,vitamin c,3
PatrickStarrr,glycolic acid,3
PatrickStarrr,squalane,2
PatrickStarrr,centella asiatica,2
PatrickStarrr,salicylic acid,2
PatrickStarrr,retinol,2
PatrickStarrr,niacinamide,1
Hindash,hyaluronic acid,10
Hindash,spf,10
Hindash,salicylic acid,3
Hindash,squalane,3
Hindash,zinc oxide,3
Hindash,sunscreen,3
Hindash,ceramide,2
Hindash,retinol,2
Hindash,niacinamide,1
Hindash,centella asiatica,1
Manny MUA,hyaluronic acid,10
Manny MUA,spf,10
Manny MUA,retinol,3
Manny MUA,niacinamide,3
Manny MUA,centella asiatica,2
Manny MUA,vitamin c,2
Manny MUA,salicylic acid,2
Manny MUA,sunscreen,1
Manny MUA,zinc oxide,1
Manny MUA,ceramide,1
EmilyNoel83,hyaluronic acid,10
EmilyNoel83,spf,10
EmilyNoel83,squalane,5
EmilyNoel83,vitamin c,4
EmilyNoel83,niacinamide,4
EmilyNoel83,collagen,3
EmilyNoel83,salicylic acid,3
EmilyNoel83,glycolic acid,2
EmilyNoel83,zinc oxide,1
EmilyNoel83,sunscreen,1
Shaaanxo,hyaluronic acid,10
Shaaanxo,spf,10
Shaaanxo,sunscreen,4
Shaaanxo,zinc oxide,4
Shaaanxo,retinol,4
Shaaanxo,salicylic acid,2
Shaaanxo,niacinamide,2
Shaaanxo,collagen,2
Shaaanxo,glycolic acid,1
Shaaanxo,vitamin c,1
Bailey Sarian,hyaluronic acid,10
Bailey Sarian,spf,10
Bailey Sarian,collagen,4
Bailey Sarian,glycolic acid,3
Bailey Sarian,niacinamide,2
Bailey Sarian,centella asiatica,2
Bailey Sarian,squalane,2
Bailey Sarian,ceramide,2
Bailey Sarian,vitamin c,1
Bailey Sarian,retinol,1
Colleen Ballinger,hyaluronic acid,10
Colleen Ballinger,spf,10
Colleen Ballinger,niacinamide,5
Colleen Ballinger,squalane,4
Colleen Ballinger,glycolic acid,2
Colleen Ballinger,centella asiatica,2
Colleen Ballinger,salicylic acid,2
Colleen Ballinger,ceramide,1
Colleen Ballinger,retinol,1
Colleen Ballinger,collagen,1
RawBeautyKristi,hyaluronic acid,10
RawBeautyKristi,spf,10
RawBeautyKristi,retinol,5
RawBeautyKristi,salicylic acid,4
RawBeautyKristi,vitamin c,3
RawBeautyKristi,niacinamide,3
RawBeautyKristi,collagen,2
RawBeautyKristi,centella asiatica,2
RawBeautyKristi,squalane,2
RawBeautyKristi,zinc oxide,1
Milabu,hyaluronic acid,10
Milabu,spf,10
Milabu,squalane,4
Milabu,retinol,3
Milabu,glycolic acid,3
Milabu,sunscreen,2
Milabu,zinc oxide,2
Milabu,vitamin c,2
Milabu,salicylic acid,2
Milabu,ceramide,1
Ingrid Nilsen,hyaluronic acid,10
Ingrid Nilsen,spf,10
Ingrid Nilsen,squalane,4
Ingrid Nilsen,ceramide,3
Ingrid Nilsen,glycolic acid,3
Ingrid Nilsen,collagen,2
Ingrid Nilsen,retinol,2
Ingrid Nilsen,salicylic acid,2
Ingrid Nilsen,centella asiatica,2
Ingrid Nilsen,niacinamide,2
Goss Makeup Artist,hyaluronic acid,10
Goss Makeup Artist,spf,10
Goss Makeup Artist,retinol,6
Goss Makeup Artist,centella asiatica,3
Goss Makeup Artist,collagen,3
Goss Makeup Artist,squalane,2
Goss Makeup Artist,glycolic acid,1
Goss Makeup Artist,ceramide,1
Goss Makeup Artist,niacinamide,1
Goss Makeup Artist,salicylic acid,1
SoothingSista,hyaluronic acid,10
SoothingSista,spf,10
SoothingSista,vitamin c,5
SoothingSista,zinc oxide,3
SoothingSista,sunscreen,3
SoothingSista,retinol,3
SoothingSista,squalane,2
SoothingSista,centella asiatica,2
SoothingSista,collagen,1
Makeup Geek,hyaluronic acid,10
Makeup Geek,spf,10
Makeup Geek,glycolic acid,4
Makeup Geek,salicylic acid,3
Makeup Geek,ceramide,2
Makeup Geek,vitamin c,2
Makeup Geek,centella asiatica,2
Makeup Geek,squalane,1
Makeup Geek,niacinamide,1
Makeup Geek,retinol,1
Desi Perkins,hyaluronic acid,10
Desi Perkins,spf,10
Desi Perkins,centella asiatica,4
Desi Perkins,ceramide,3
Desi Perkins,glycolic acid,2
Desi Perkins,vitamin c,2
Desi Perkins,collagen,2
Desi Perkins,retinol,1
Desi Perkins,squalane,1
Desi Perkins,niacinamide,1
Sam Schuerman,hyaluronic acid,10
Sam Schuerman,spf,10
Sam Schuerman,salicylic acid,5
Sam Schuerman,collagen,4
Sam Schuerman,sunscreen,3
Sam Schuerman,zinc oxide,3
Sam Schuerman,ceramide,3
Sam Schuerman,retinol,2
Sam Schuerman,centella asiatica,1
Sam Schuerman,squalane,1
