youtuber,category,count
NikkieTutorials,skincare,10
NikkieTutorials,foundation,7
NikkieTutorials,blush,5
NikkieTutorials,lipstick,4
NikkieTutorials,highlighter,3
NikkieTutorials,mascara,3
NikkieTutorials,setting,2
NikkieTutorials,eyeshadow,1
NikkieTutorials,eyeliner,1
NikkieTutorials,concealer,1
James Charles,skincare,10
James Charles,foundation,8
James Charles,eyeshadow,6
James Charles,lipstick,5
James Charles,highlighter,4
James Charles,mascara,4
James Charles,blush,3
James Charles,eyeliner,1
Tati,skincare,10
Tati,foundation,8
Tati,lipstick,6
Tati,eyeshadow,5
Tati,setting,4
Tati,blush,1
Tati,eyeliner,1
Tati,mascara,1
Tati,highlighter,1
Tati,concealer,1
Jackie Aina,skincare,10
Jackie Aina,foundation,9
Jackie Aina,lipstick,8
Jackie Aina,eyeshadow,4
Jackie Aina,setting,2
Jackie Aina,mascara,1
Jackie Aina,highlighter,1
Jackie Aina,eyeliner,1
Jackie Aina,concealer,1
Lisa Eldridge,skincare,10
Lisa Eldridge,foundation,7
Lisa Eldridge,eyeshadow,6
Lisa Eldridge,mascara,5
Lisa Eldridge,blush,3
Lisa Eldridge,lipstick,3
Lisa Eldridge,eyeliner,2
Lisa Eldridge,setting,2
Lisa Eldridge,concealer,1
PatrickStarrr,skincare,10
PatrickStarrr,foundation,8
PatrickStarrr,lipstick,8
PatrickStarrr,eyeshadow,4
PatrickStarrr,mascara,4
PatrickStarrr,blush,2
PatrickStarrr,concealer,1
PatrickStarrr,setting,1
PatrickStarrr,highlighter,1
Hindash,skincare,10
Hindash,lipstick,8
Hindash,foundation,7
Hindash,mascara,5
Hindash,eyeshadow,5
Hindash,highlighter,2
Hindash,blush,2
Manny MUA,skincare,10
Manny MUA,foundation,8
Manny MUA,eyeshadow,5
Manny MUA,blush,4
Manny MUA,highlighter,3
Manny MUA,setting,3
Manny MUA,concealer,3
Manny MUA,lipstick,2
Manny MUA,mascara,2
EmilyNoel83,skincare,10
EmilyNoel83,mascara,6
EmilyNoel83,foundation,6
EmilyNoel83,lipstick,5
EmilyNoel83,eyeshadow,5
EmilyNoel83,blush,2
EmilyNoel83,highlighter,2
EmilyNoel83,concealer,1
Shaaanxo,skincare,10
Shaaanxo,foundation,9
Shaaanxo,eyeshadow,7
Shaaanxo,mascara,6
Shaaanxo,blush,2
Shaaanxo,eyeliner,2
Shaaanxo,setting,1
Shaaanxo,lipstick,1
Bailey Sarian,skincare,10
Bailey Sarian,foundation,7
Bailey Sarian,eyeshadow,7
Bailey Sarian,highlighter,4
Bailey Sarian,blush,4
Bailey Sarian,lipstick,4
Bailey Sarian,setting,2
Bailey Sarian,concealer,2
Bailey Sarian,eyeliner,1
Bailey Sarian,mascara,1
Colleen Ballinger,skincare,10
Colleen Ballinger,foundation,9
Colleen Ballinger,blush,7
Colleen Ballinger,mascara,4
Colleen Ballinger,setting,2
Colleen Ballinger,highlighter,2
Colleen Ballinger,eyeshadow,2
Colleen Ballinger,lipstick,1
Colleen Ballinger,concealer,1
RawBeautyKristi,skincare,10
RawBeautyKristi,foundation,8
RawBeautyKristi,lipstick,6
RawBeautyKristi,eyeshadow,4
RawBeautyKristi,highlighter,4
RawBeautyKristi,concealer,2
RawBeautyKristi,blush,2
RawBeautyKristi,eyeliner,1
RawBeautyKristi,mascara,1
Milabu,skincare,10
Milabu,lipstick,8
Milabu,foundation,7
Milabu,blush,3
Milabu,mascara,3
Milabu,eyeliner,2
Milabu,setting,2
Milabu,eyeshadow,2
Milabu,highlighter,1
Ingrid Nilsen,skincare,10
Ingrid Nilsen,mascara,9
Ingrid Nilsen,foundation,7
Ingrid Nilsen,lipstick,6
Ingrid Nilsen,blush,2
Ingrid Nilsen,setting,2
Ingrid Nilsen,highlighter,1
Ingrid Nilsen,eyeshadow,1
Goss Makeup Artist,skincare,10
Goss Makeup Artist,foundation,9
Goss Makeup Artist,lipstick,6
Goss Makeup Artist,eyeshadow,4
Goss Makeup Artist,blush,4
Goss Makeup Artist,mascara,3
Goss Makeup Artist,eyeliner,2
Goss Makeup Artist,setting,1
Goss Makeup Artist,highlighter,1
Goss Makeup Artist,concealer,1
SoothingSista,skincare,10
SoothingSista,foundation,9
SoothingSista,lipstick,5
SoothingSista,blush,4
SoothingSista,eyeshadow,4
SoothingSista,setting,2
SoothingSista,highlighter,2
SoothingSista,eyeliner,2
SoothingSista,concealer,1
SoothingSista,mascara,1
Makeup Geek,skincare,10
Makeup Geek,lipstick,7
Makeup Geek,foundation,6
Makeup Geek,mascara,5
Makeup Geek,eyeshadow,4
Makeup Geek,highlighter,3
Makeup Geek,setting,3
Makeup Geek,concealer,2
Makeup Geek,blush,1
Desi Perkins,skincare,10
Desi Perkins,foundation,7
Desi Perkins,mascara,6
Desi Perkins,lipstick,5
Desi Perkins,blush,4
Desi Perkins,highlighter,3
Desi Perkins,setting,2
Desi Perkins,concealer,1
Desi Perkins,eyeshadow,1
Sam Schuerman,skincare,10
Sam Schuerman,foundation,9
Sam Schuerman,lipstick,6
Sam Schuerman,eyeshadow,5
Sam Schuerman,blush,4
Sam Schuerman,mascara,4
Sam Schuerman,highlighter,3
Sam Schuerman,concealer,1
Sam Schuerman,setting,1
